<?xml version="1.0" encoding="UTF-8"?>
<!DOCTYPE generatorConfiguration
        PUBLIC "-//mybatis.org//DTD MyBatis Generator Configuration 1.0//EN"
        "http://mybatis.org/dtd/mybatis-generator-config_1_0.dtd">
<generatorConfiguration>
    <!-- 指定连接数据库的 JDBC 驱动包所在位置，指定到你本机的完整路径 -->
    <classPathEntry location="E:\mysql数据库阶段\mysql-connector-java-5.1.23-bin.jar"/>
    <!-- 配置 table 表信息内容体，targetRuntime 指定采用 MyBatis3 的版本 -->
    <context id="tables" targetRuntime="MyBatis3">
        <!-- 抑制生成注释，由于生成的注释都是英文的，可以不让它生成 -->
        <commentGenerator>
            <property name="suppressAllComments" value="true"/>
        </commentGenerator>
        <!-- 配置数据库连接信息 -->
        <jdbcConnection driverClass="com.mysql.jdbc.Driver"
                        connectionURL="jdbc:mysql://localhost:3306/test"
                        userId="root"
                        password="888">
        </jdbcConnection>
        <!-- 生成 model 类，targetPackage 指定 model 类的包名， targetProject 指定
        生成的 model 放在 eclipse 的哪个工程下面-->
        <javaModelGenerator targetPackage="com.springboot.model"
                            targetProject="src/main/java">
            <property name="enableSubPackages" value="false"/>
            <property name="trimStrings" value="false"/>
        </javaModelGenerator>
        <!-- 生成 MyBatis 的 Mapper.xml 文件，targetPackage 指定 mapper.xml 文件的
        包名， targetProject 指定生成的 mapper.xml 放在 eclipse 的哪个工程下面 -->
        <sqlMapGenerator targetPackage="com.springboot.mapper"
                         targetProject="src/main/java">
            <property name="enableSubPackages" value="false"/>
        </sqlMapGenerator>
        <!-- 生成 MyBatis 的 Mapper 接口类文件,targetPackage 指定 Mapper 接口类的包
        名， targetProject 指定生成的 Mapper 接口放在 eclipse 的哪个工程下面 -->
        <javaClientGenerator type="XMLMAPPER"
                             targetPackage="com.springboot.mapper" targetProject="src/main/java">
            <property name="enableSubPackages" value="false"/>
        </javaClientGenerator>

        <!-- 数据库表名及对应的 Java 模型类名 -->
        <table tableName="student" domainObjectName="Student"
               enableCountByExample="false"
               enableUpdateByExample="false"
               enableDeleteByExample="false"
               enableSelectByExample="false"
               selectByExampleQueryId="false"/>
        <table tableName="score" domainObjectName="Score"
               enableCountByExample="false"
               enableUpdateByExample="false"
               enableDeleteByExample="false"
               enableSelectByExample="false"
               selectByExampleQueryId="false"/>
    </context>
</generatorConfiguration>