<?xml version="1.0" encoding="UTF-8"?>
<!DOCTYPE mapper PUBLIC "-//mybatis.org//DTD Mapper 3.0//EN" "http://mybatis.org/dtd/mybatis-3-mapper.dtd">
<mapper namespace="com.springboot.mapper.ScoreMapper">
  <resultMap id="BaseResultMap" type="com.springboot.model.Score">
    <id column="score_id" jdbcType="INTEGER" property="scoreId" />
    <result column="stu_no" jdbcType="VARCHAR" property="stuNo" />
    <result column="c_name" jdbcType="VARCHAR" property="cName" />
    <result column="grade" jdbcType="INTEGER" property="grade" />
  </resultMap>
  <sql id="Base_Column_List">
    score_id, stu_no, c_name, grade
  </sql>
  <select id="selectByPrimaryKey" parameterType="java.lang.Integer" resultMap="BaseResultMap">
    select 
    <include refid="Base_Column_List" />
    from score
    where score_id = #{scoreId,jdbcType=INTEGER}
  </select>
  <delete id="deleteByPrimaryKey" parameterType="java.lang.Integer">
    delete from score
    where score_id = #{scoreId,jdbcType=INTEGER}
  </delete>
  <insert id="insert" parameterType="com.springboot.model.Score">
    insert into score (score_id, stu_no, c_name, 
      grade)
    values (#{scoreId,jdbcType=INTEGER}, #{stuNo,jdbcType=VARCHAR}, #{cName,jdbcType=VARCHAR}, 
      #{grade,jdbcType=INTEGER})
  </insert>
  <insert id="insertSelective" parameterType="com.springboot.model.Score">
    insert into score
    <trim prefix="(" suffix=")" suffixOverrides=",">
      <if test="scoreId != null">
        score_id,
      </if>
      <if test="stuNo != null">
        stu_no,
      </if>
      <if test="cName != null">
        c_name,
      </if>
      <if test="grade != null">
        grade,
      </if>
    </trim>
    <trim prefix="values (" suffix=")" suffixOverrides=",">
      <if test="scoreId != null">
        #{scoreId,jdbcType=INTEGER},
      </if>
      <if test="stuNo != null">
        #{stuNo,jdbcType=VARCHAR},
      </if>
      <if test="cName != null">
        #{cName,jdbcType=VARCHAR},
      </if>
      <if test="grade != null">
        #{grade,jdbcType=INTEGER},
      </if>
    </trim>
  </insert>
  <update id="updateByPrimaryKeySelective" parameterType="com.springboot.model.Score">
    update score
    <set>
      <if test="stuNo != null">
        stu_no = #{stuNo,jdbcType=VARCHAR},
      </if>
      <if test="cName != null">
        c_name = #{cName,jdbcType=VARCHAR},
      </if>
      <if test="grade != null">
        grade = #{grade,jdbcType=INTEGER},
      </if>
    </set>
    where score_id = #{scoreId,jdbcType=INTEGER}
  </update>
  <update id="updateByPrimaryKey" parameterType="com.springboot.model.Score">
    update score
    set stu_no = #{stuNo,jdbcType=VARCHAR},
      c_name = #{cName,jdbcType=VARCHAR},
      grade = #{grade,jdbcType=INTEGER}
    where score_id = #{scoreId,jdbcType=INTEGER}
  </update>
</mapper>