<?xml version="1.0" encoding="UTF-8"?>
<!DOCTYPE mapper PUBLIC "-//mybatis.org//DTD Mapper 3.0//EN" "http://mybatis.org/dtd/mybatis-3-mapper.dtd">
<mapper namespace="com.springboot.mapper.StudentMapper">
  <resultMap id="BaseResultMap" type="com.springboot.model.Student">
    <id column="id" jdbcType="INTEGER" property="id" />
    <result column="stu_no" jdbcType="VARCHAR" property="stuNo" />
    <result column="stu_name" jdbcType="VARCHAR" property="stuName" />
    <result column="sex" jdbcType="VARCHAR" property="sex" />
    <result column="birth" jdbcType="DATE" property="birth" />
    <result column="department" jdbcType="VARCHAR" property="department" />
    <result column="addr" jdbcType="VARCHAR" property="addr" />
    <collection property="score" ofType="com.springboot.model.Score">
      <id property="scoreId" column="score_id" javaType="Integer" jdbcType="INTEGER" />
      <result property="stuNo" column="stu_no" javaType="String" jdbcType="VARCHAR"/>
      <result property="cName" column="c_name" javaType="String" jdbcType="VARCHAR"/>
      <result property="grade" column="grade" javaType="Integer" jdbcType="INTEGER"/>
    </collection>
  </resultMap>

  <sql id="Base_Column_List">
    id, stu_no, stu_name, sex, birth, department, addr
  </sql>

  <sql id="All_List">
    id, st.stu_no, stu_name, sex, birth, department, addr, c_name, sc.stu_no, grade
  </sql>

  <select id="selectByPrimaryKey" parameterType="java.lang.Integer" resultMap="BaseResultMap">
    select 
    <include refid="All_List" />
    from student st,score sc
    where id = #{id,jdbcType=INTEGER} and st.stu_no = sc.stu_no
  </select>

  <select id="selectAllStudent" parameterType="java.lang.Integer" resultMap="BaseResultMap">
    select * from student
  </select>

  <delete id="deleteByPrimaryKey" parameterType="java.lang.Integer">
    delete from student
    where id = #{id,jdbcType=INTEGER}
  </delete>

  <insert id="insert" parameterType="com.springboot.model.Student">
    insert into student (id, stu_no, stu_name, 
      sex, birth, department, 
      addr)
    values (#{id,jdbcType=INTEGER}, #{stuNo,jdbcType=VARCHAR}, #{stuName,jdbcType=VARCHAR}, 
      #{sex,jdbcType=VARCHAR}, #{birth,jdbcType=DATE}, #{department,jdbcType=VARCHAR}, 
      #{addr,jdbcType=VARCHAR})
  </insert>

  <insert id="insertSelective" parameterType="com.springboot.model.Student">
    insert into student
    <trim prefix="(" suffix=")" suffixOverrides=",">
      <if test="id != null">
        id,
      </if>
      <if test="stuNo != null">
        stu_no,
      </if>
      <if test="stuName != null">
        stu_name,
      </if>
      <if test="sex != null">
        sex,
      </if>
      <if test="birth != null">
        birth,
      </if>
      <if test="department != null">
        department,
      </if>
      <if test="addr != null">
        addr,
      </if>
    </trim>
    <trim prefix="values (" suffix=")" suffixOverrides=",">
      <if test="id != null">
        #{id,jdbcType=INTEGER},
      </if>
      <if test="stuNo != null">
        #{stuNo,jdbcType=VARCHAR},
      </if>
      <if test="stuName != null">
        #{stuName,jdbcType=VARCHAR},
      </if>
      <if test="sex != null">
        #{sex,jdbcType=VARCHAR},
      </if>
      <if test="birth != null">
        #{birth,jdbcType=DATE},
      </if>
      <if test="department != null">
        #{department,jdbcType=VARCHAR},
      </if>
      <if test="addr != null">
        #{addr,jdbcType=VARCHAR},
      </if>
    </trim>
  </insert>
  <update id="updateByPrimaryKeySelective" parameterType="com.springboot.model.Student">
    update student
    <set>
      <if test="stuNo != null">
        stu_no = #{stuNo,jdbcType=VARCHAR},
      </if>
      <if test="stuName != null">
        stu_name = #{stuName,jdbcType=VARCHAR},
      </if>
      <if test="sex != null">
        sex = #{sex,jdbcType=VARCHAR},
      </if>
      <if test="birth != null">
        birth = #{birth,jdbcType=DATE},
      </if>
      <if test="department != null">
        department = #{department,jdbcType=VARCHAR},
      </if>
      <if test="addr != null">
        addr = #{addr,jdbcType=VARCHAR},
      </if>
    </set>
    where id = #{id,jdbcType=INTEGER}
  </update>
  <update id="updateByPrimaryKey" parameterType="com.springboot.model.Student">
    update student
    set stu_no = #{stuNo,jdbcType=VARCHAR},
      stu_name = #{stuName,jdbcType=VARCHAR},
      sex = #{sex,jdbcType=VARCHAR},
      birth = #{birth,jdbcType=DATE},
      department = #{department,jdbcType=VARCHAR},
      addr = #{addr,jdbcType=VARCHAR}
    where id = #{id,jdbcType=INTEGER}
  </update>
</mapper>